"","Name_MEP","Name_MEP_clean","id_final"
"1","""Io amo l'Italia"" (Italy)","""Io amo l'Italia""",NA
"2","""Par cilvēka tiesībām vienotā Latvijā"" (Latvia)","""Par cilvēka tiesībām vienotā Latvijā""",176
"3","""Saskaņa"" sociāldemokrātiskā partija (Latvia)","""Saskaņa"" sociāldemokrātiskā partija",5976
"4","50 PLUS (Netherlands)","50 PLUS",714
"5","Agir - La Droite constructive (France)","Agir - La Droite constructive",NA
"6","Agrupación de Electores José María Ruiz-Mateos (Spain)","Agrupación de Electores José María Ruiz-Mateos",841
"7","ALDE Romania (Romania)","ALDE Romania",5662
"8","Aliancia nového občana (Slovakia)","Aliancia nového občana",217
"9","Alianţei ""Dreptate si Adevar PNL-PD"" (Romania)","Alianţei ""Dreptate si Adevar PNL-PD""",215
"10","Alianza Popular (AP) (Spain)","Alianza Popular (AP)",441
"11","Alleanza nazionale (Italy)","Alleanza nazionale",813
"12","Alleanza per l'Italia (Italy)","Alleanza per l'Italia",NA
"13","Alleanza Popolare - Unione Democratici per l'Europa (Italy)","Alleanza Popolare - Unione Democratici per l'Europa",115
"14","Alleanza Siciliana (Italy)","Alleanza Siciliana",NA
"15","Alliance Citoyenne pour la Démocratie en Europe (France)","Alliance Citoyenne pour la Démocratie en Europe",NA
"16","Alliance Écologiste Indépendante (France)","Alliance Écologiste Indépendante",2536
"17","Alliance Party of Northern Ireland (United Kingdom)","Alliance Party of Northern Ireland",1477
"18","Allianz für Fortschritt und Aufbruch (Germany)","Allianz für Fortschritt und Aufbruch",NA
"19","Alternativa galega de esquerda en Europa (Spain)","Alternativa galega de esquerda en Europa",2538
"20","Alternativa Popolare (Italy)","Alternativa Popolare",2415
"21","Alternativa sociale: Lista Mussolini (Italy)","Alternativa sociale: Lista Mussolini",327
"22","Alternative für Deutschland (Germany)","Alternative für Deutschland",1976
"23","AN INDEPENDENCE FROM EUROPE (United Kingdom)","AN INDEPENDENCE FROM EUROPE",3198
"24","An Independence Party (United Kingdom)","An Independence Party",601
"25","Anders gaan arbeiden, leven en vrijen (Belgium)","Anders gaan arbeiden, leven en vrijen",NA
"26","Anders gaan leven (Belgium)","Anders gaan leven",NA
"27","ANO 2011 (Czechia)","ANO 2011",2141
"28","Anorthotiko Komma Ergazomenou Laou - Aristera - Nees Dinameis (Cyprus)","Anorthotiko Komma Ergazomenou Laou - Aristera - Nees Dinameis",1076
"29","Anorthotiko Komma Ergazomenou Laou - Aristera - Nees Dynameis (Cyprus)","Anorthotiko Komma Ergazomenou Laou - Aristera - Nees Dynameis",1076
"30","ANTICAPITALISTAS (Spain)","ANTICAPITALISTAS",NA
"31","apparenté Parti socialiste (France)","apparenté Parti socialiste",1478
"32","Aralar (Spain)","Aralar",2538
"33","Arbetarepartiet- Socialdemokraterna (Sweden)","Arbetarepartiet- Socialdemokraterna",487
"34","Articolo UNO – Movimento Democratico e Progressista (Italy)","Articolo UNO – Movimento Democratico e Progressista",2415
"35","Artikel 50 (Netherlands)","Artikel 50",NA
"36","Association des Démocrates (France)","Association des Démocrates",2536
"37","Attack (Bulgaria)","Attack",1793
"38","Attack Coalition (Bulgaria)","Attack Coalition",1793
"39","Attīstībai/Par! (Latvia)","Attīstībai/Par!",8393
"40","Avenir Démocrate (France)","Avenir Démocrate",NA
"41","Azione (Italy)","Azione",NA
"42","BANU-PU (Bulgaria)","BANU-PU",263
"43","België Spirit (Belgium)","België Spirit",1424
"44","Bezpartyjna (Poland)","Bezpartyjna",NA
"45","Bezpartyjny (Poland)","Bezpartyjny",NA
"46","Bloc Nacionalista Valencia (Spain)","Bloc Nacionalista Valencia",5623
"47","Bloco de Esquerda (Portugal)","Bloco de Esquerda",1310
"48","Bloco de Esquerda (Independente) (Portugal)","Bloco de Esquerda (Independente)",1310
"49","Blok Senat 2001 (Poland)","Blok Senat 2001",NA
"50","Bloque Nacionalista Galego (Spain)","Bloque Nacionalista Galego",1011
"51","Blue Coalition (Bulgaria)","Blue Coalition",58
"52","British Democratic Party (United Kingdom)","British Democratic Party",NA
"53","British National Party (United Kingdom)","British National Party",855
"54","Bulgaria without Censorship (Bulgaria)","Bulgaria without Censorship",3188
"55","Bulgarian People's Union (Bulgaria)","Bulgarian People's Union",263
"56","Bulgarian Socialist Party (Bulgaria)","Bulgarian Socialist Party",757
"57","Bündnis 90/die Grünen (Germany)","Bündnis 90/die Grünen",1816
"58","Bündnis 90/Die Grünen (Germany)","Bündnis 90/Die Grünen",1816
"59","Bündnis C (Germany)","Bündnis C",1816
"60","Bündnis Zukunft Österreich (Austria)","Bündnis Zukunft Österreich",599
"61","Catalunya en Comú (Spain)","Catalunya en Comú",NA
"62","Centerpartiet (Sweden)","Centerpartiet",199
"63","Centre Démocrate Humaniste (Belgium)","Centre Démocrate Humaniste",633
"64","Centre des démocrates sociaux (France)","Centre des démocrates sociaux",3155
"65","Centre national des indépendants (France)","Centre national des indépendants",1629
"66","Centre national des indépendents et paysans (France)","Centre national des indépendents et paysans",1629
"67","Centro cristiano democratico (Italy)","Centro cristiano democratico",1767
"68","Centro Democràtico y Social (Spain)","Centro Democràtico y Social",1248
"69","Centrum-Demokraterne (Denmark)","Centrum-Demokraterne",800
"70","Česká strana sociálně demokratická (Czechia)","Česká strana sociálně demokratická",177
"71","Change UK – The Independent Group (United Kingdom)","Change UK – The Independent Group",7365
"72","Chasse, Pêche, Nature, Traditions (France)","Chasse, Pêche, Nature, Traditions",1313
"73","Christelijke Volkspartij (Belgium)","Christelijke Volkspartij",622
"74","Christelijke Volkspartij (Europese Volkspartij) (Belgium)","Christelijke Volkspartij (Europese Volkspartij)",622
"75","Christen Democratisch Appèl (Netherlands)","Christen Democratisch Appèl",1157
"76","Christen-Democratisch & Vlaams (Belgium)","Christen-Democratisch & Vlaams",622
"77","Christen-Democratisch & Vlaams - Nieuw-Vlaamse Alliantie (Belgium)","Christen-Democratisch & Vlaams - Nieuw-Vlaamse Alliantie",756
"78","ChristenUnie (Netherlands)","ChristenUnie",1459
"79","ChristenUnie - Staatkundig Gereformeerde Parti (Netherlands)","ChristenUnie - Staatkundig Gereformeerde Parti",1178
"80","Christlich Demokratische Union Deutschlands (Germany)","Christlich Demokratische Union Deutschlands",1375
"81","Christlich Soziale Partei (Belgium)","Christlich Soziale Partei",2609
"82","Christlich-Soziale Union in Bayern e.V. (Germany)","Christlich-Soziale Union in Bayern e.V.",1731
"83","Christliche Soziale Partei: Europäische Volkspartei (Belgium)","Christliche Soziale Partei: Europäische Volkspartei",2609
"84","Citizens for European Development of Bulgaria (Bulgaria)","Citizens for European Development of Bulgaria",760
"85","Citoyenneté Action Participation pour le 21ème siècle (France)","Citoyenneté Action Participation pour le 21ème siècle",NA
"86","Ciudadanos – Partido de la Ciudadanía (Spain)","Ciudadanos – Partido de la Ciudadanía",3217
"87","Coalicion Canaria (Spain)","Coalicion Canaria",81
"88","Coalición Nacionalista (Spain)","Coalición Nacionalista",NA
"89","Coalición Nacionalista - Coalición Canaria (Spain)","Coalición Nacionalista - Coalición Canaria",81
"90","Coalición Popular (Spain)","Coalición Popular",206
"91","Coalición por Europa (Spain)","Coalición por Europa",5853
"92","Coalición por la Europa de los Pueblos: Esquerra Republicana de Catalunya (ERC) (Spain)","Coalición por la Europa de los Pueblos: Esquerra Republicana de Catalunya (ERC)",5853
"93","Coalition for Bulgaria (Bulgaria)","Coalition for Bulgaria",3908
"94","Coalition of the Radical Left (Greece)","Coalition of the Radical Left",301
"95","Coligação Democrática Unitária (Portugal)","Coligação Democrática Unitária",284
"96","Coligação Democrática Unitária (PCP-PEV) (Portugal)","Coligação Democrática Unitária (PCP-PEV)",284
"97","Coligação Democrática Unitária: Partido Comunista Português (PCP) (Portugal)","Coligação Democrática Unitária: Partido Comunista Português (PCP)",284
"98","Coligação Democrática Unitária: Verdes (VERDES) (Portugal)","Coligação Democrática Unitária: Verdes (VERDES)",284
"99","Coligaçao Força Portugal (PPD/PSD.CDS-PP) (Portugal)","Coligaçao Força Portugal (PPD/PSD.CDS-PP)",NA
"100","Communist Party of Greece (Greece)","Communist Party of Greece",48
"101","Communistische Partij Nederland (Netherlands)","Communistische Partij Nederland",459
"102","COMPROMIS (Spain)","COMPROMIS",5623
"103","Comunisti unitari (Italy)","Comunisti unitari",1635
"104","Conservative and Unionist Party (United Kingdom)","Conservative and Unionist Party",1567
"105","Conservative Party (United Kingdom)","Conservative Party",1567
"106","Conservatori e Riformisti (Italy)","Conservatori e Riformisti",NA
"107","Conservatori e Social Riformatori (Italy)","Conservatori e Social Riformatori",NA
"108","Convergència Democràtica Catalunya (Spain)","Convergència Democràtica Catalunya",4795
"109","Convergència Democràtica de Catalunya (Spain)","Convergència Democràtica de Catalunya",4795
"110","Convergència i Unió (Spain)","Convergència i Unió",139
"111","Cristiani democratici uniti (Italy)","Cristiani democratici uniti",763
"112","Dansk Folkeparti (Denmark)","Dansk Folkeparti",1022
"113","Darbo partija (Lithuania)","Darbo partija",102
"114","De Groenen (Netherlands)","De Groenen",1533
"115","Debout la France (France)","Debout la France",3207
"116","Défence des intérêts de la France en Europe (France)","Défence des intérêts de la France en Europe",509
"117","Déi Gréng - Les Verts (Luxembourg)","Déi Gréng - Les Verts",1138
"118","Delegación Ciudadanos Europeos (Spain)","Delegación Ciudadanos Europeos",NA
"119","Democraten 66 (Netherlands)","Democraten 66",45
"120","Democratic Alliance (Greece)","Democratic Alliance",1284
"121","Democratic Left (Ireland)","Democratic Left",1172
"122","Democratic Party (Cyprus)","Democratic Party",6199
"123","Democratic Rally (Cyprus)","Democratic Rally",563
"124","Democratic Unionist Party (United Kingdom)","Democratic Unionist Party",335
"125","Democratic Unionist Party (Northern Ireland) (United Kingdom)","Democratic Unionist Party (Northern Ireland)",335
"126","Democratici di Sinistra (Italy)","Democratici di Sinistra",878
"127","Démocratie chrétienne française (France)","Démocratie chrétienne française",2536
"128","Démocratie libérale (France)","Démocratie libérale",4364
"129","Democrats for Strong Bulgaria (Bulgaria)","Democrats for Strong Bulgaria",1195
"130","Democrazia cristiana (Italy)","Democrazia cristiana",934
"131","Democrazia proletaria (Italy)","Democrazia proletaria",1429
"132","Demokratikus Koalíció (Hungary)","Demokratikus Koalíció",469
"133","Den frie Socialdemokrat (Denmark)","Den frie Socialdemokrat",379
"134","DeSUS - Demokratična Stranka Upokojencev Slovenije (Slovenia)","DeSUS - Demokratična Stranka Upokojencev Slovenije",467
"135","Det konservative folkeparti (Denmark)","Det konservative folkeparti",536
"136","Det Konservative Folkeparti (Denmark)","Det Konservative Folkeparti",536
"137","Det Radikale Venstre (Denmark)","Det Radikale Venstre",1507
"138","Deutsche Liga (Germany)","Deutsche Liga",2702
"139","Die blaue Partei (Germany)","Die blaue Partei",2702
"140","Die Grünen - Die Grüne Alternative (Austria)","Die Grünen - Die Grüne Alternative",1659
"141","Die Liberalen (Austria)","Die Liberalen",605
"142","DIE LINKE. (Germany)","DIE LINKE.",1545
"143","Die PARTEI (Germany)","Die PARTEI",6126
"144","Die Reformkonservativen – REKOS (Austria)","Die Reformkonservativen – REKOS",2991
"145","Die Republikaner (Germany)","Die Republikaner",720
"146","Dimocraticos Synagermos (Cyprus)","Dimocraticos Synagermos",563
"147","Dimokratiki Ananeossi (Greece)","Dimokratiki Ananeossi",648
"148","Dimokratiko Kinoniko Kinima (Greece)","Dimokratiko Kinoniko Kinima",1682
"149","Dimokratiko Komma (Cyprus)","Dimokratiko Komma",635
"150","Dimokratikos Synagermos (Cyprus)","Dimokratikos Synagermos",563
"151","Drassi (Greece)","Drassi",NA
"152","Droite Indépendante (France)","Droite Indépendante",NA
"153","Ecolo (Belgium)","Ecolo",1563
"154","Ecologist Greens (Greece)","Ecologist Greens",378
"155","Ecologistes Confédérés pour l'Organisation de Luttes Originales (Belgium)","Ecologistes Confédérés pour l'Organisation de Luttes Originales",1563
"156","Ecologistes confédérés pour l'organisation de luttes originales - Verts européens pour des régions transfrontalières et solidaires (Belgium)","Ecologistes confédérés pour l'organisation de luttes originales - Verts européens pour des régions transfrontalières et solidaires",1563
"157","Eesti Keskerakond (Estonia)","Eesti Keskerakond",533
"158","Eesti Konservatiivne Rahvaerakond (Estonia)","Eesti Konservatiivne Rahvaerakond",4094
"159","Eesti Reformierakond (Estonia)","Eesti Reformierakond",821
"160","Eestimaa Rahvalliit (Estonia)","Eestimaa Rahvalliit",110
"161","Együtt 2014 - Párbeszéd Magyarországért (Hungary)","Együtt 2014 - Párbeszéd Magyarországért",3115
"162","EH BILDU (Spain)","EH BILDU",5668
"163","Elliniki Aristera (Greece)","Elliniki Aristera",516
"164","Elliniki Lusi-Greek Solution (Greece)","Elliniki Lusi-Greek Solution",7347
"165","Energie Radicale (France)","Energie Radicale",1783
"166","Enhedslisten (Denmark)","Enhedslisten",1527
"167","Enosi Dimokratikou Kentrou (Greece)","Enosi Dimokratikou Kentrou",82
"168","EQUO (Spain)","EQUO",5623
"169","Erakond Isamaa ja Res Publica Liit (Estonia)","Erakond Isamaa ja Res Publica Liit",685
"170","Erakond Isamaaliit (Pro Patria Union) (Estonia)","Erakond Isamaaliit (Pro Patria Union)",685
"171","Esquerra Republicana de Catalunya (Spain)","Esquerra Republicana de Catalunya",848
"172","Ethniki Politiki Enossis (Greece)","Ethniki Politiki Enossis",231
"173","Europa de los Pueblos (Spain)","Europa de los Pueblos",1643
"174","Europa de los Pueblos-Verdes (Spain)","Europa de los Pueblos-Verdes",1643
"175","Europa Transparant (Netherlands)","Europa Transparant",523
"176","Europe Écologie (France)","Europe Écologie",1108
"177","Euskal Herritarrok (Spain)","Euskal Herritarrok",473
"178","Eusko Alkartasuna (Spain)","Eusko Alkartasuna",1324
"179","Evropská demokratická strana (Czechia)","Evropská demokratická strana",165
"180","Evropští demokraté (Czechia)","Evropští demokraté",751
"181","Familien-Partei Deutschlands (Germany)","Familien-Partei Deutschlands",2702
"182","Federazione dei Verdi (Italy)","Federazione dei Verdi",851
"183","Feministiskt initiativ (Sweden)","Feministiskt initiativ",1240
"184","Fianna Fáil Party (Ireland)","Fianna Fáil Party",1055
"185","Fidesz-Magyar Polgári Szövetség (Hungary)","Fidesz-Magyar Polgári Szövetség",1691
"186","Fidesz-Magyar Polgári Szövetség-Keresztény Demokrata Néppárt (Hungary)","Fidesz-Magyar Polgári Szövetség-Keresztény Demokrata Néppárt",1691
"187","Fidesz-Magyar Polgári Szövetség-Kereszténydemokrata Néppárt (Hungary)","Fidesz-Magyar Polgári Szövetség-Kereszténydemokrata Néppárt",1691
"188","Fine Gael Party (Ireland)","Fine Gael Party",1288
"189","Folkebevægelsen mod EF (Denmark)","Folkebevægelsen mod EF",333
"190","Folkebevægelsen mod EU (Denmark)","Folkebevægelsen mod EU",333
"191","Folkpartiet liberalerna (Sweden)","Folkpartiet liberalerna",1274
"192","Forum Polskie (Poland)","Forum Polskie",NA
"193","Forum voor Democratie (Netherlands)","Forum voor Democratie",5855
"194","Forumul Democrat al Germanitor din România (Romania)","Forumul Democrat al Germanitor din România",2454
"195","Forza Italia (Italy)","Forza Italia",1626
"196","Forza Nuova (Italy)","Forza Nuova",NA
"197","FRATELLI D' ITALIA (Italy)","FRATELLI D' ITALIA",2280
"198","Fratelli d'Italia (Italy)","Fratelli d'Italia",2280
"199","Fratelli d'Italia - Alleanza Nazionale (Italy)","Fratelli d'Italia - Alleanza Nazionale",2280
"200","Fratelli d'Italia - Centrodestra Nazionale (Italy)","Fratelli d'Italia - Centrodestra Nazionale",2280
"201","Freie Demokratische Partei (Germany)","Freie Demokratische Partei",573
"202","Freie Demokratische Partei - Die Liberalen (Germany)","Freie Demokratische Partei - Die Liberalen",573
"203","Freie Wähler (Germany)","Freie Wähler",1090
"204","Freiheitliche Partei Österreichs (Austria)","Freiheitliche Partei Österreichs",463
"205","Fremskridtspartiet (Denmark)","Fremskridtspartiet",1601
"206","Front de Gauche (France)","Front de Gauche",4363
"207","Front de gauche pour changer d’Europe (France)","Front de gauche pour changer d’Europe",4363
"208","Front démocratique des francofones - Rassemblement wallon (Belgium)","Front démocratique des francofones - Rassemblement wallon",698
"209","Front national (France)","Front national",433
"210","Front National (Belgium)","Front National",191
"211","Front national/ Rassemblement Bleu Marine (France)","Front national/ Rassemblement Bleu Marine",433
"212","Futuro e Libertà per l'Italia (Italy)","Futuro e Libertà per l'Italia",1179
"213","Gauche Démocrate et Républicaine (France)","Gauche Démocrate et Républicaine",NA
"214","Gauche républicaine et socialiste (France)","Gauche républicaine et socialiste",NA
"215","Gauche unitaire (France)","Gauche unitaire",4363
"216","Génération Citoyens (France)","Génération Citoyens",NA
"217","Génération.s, le mouvement (France)","Génération.s, le mouvement",7342
"218","Gia tin Evropi (Cyprus)","Gia tin Evropi",697
"219","GO Realisme & Daadkracht (Netherlands)","GO Realisme & Daadkracht",NA
"220","Gods kalpot Rīgai (Latvia)","Gods kalpot Rīgai",NA
"221","Građansko-liberalni savez (Croatia)","Građansko-liberalni savez",8178
"222","Greece-The Alternative Road (Greece)","Greece-The Alternative Road",7346
"223","Green Party (Ireland)","Green Party",1775
"224","Groen (Belgium)","Groen",528
"225","Groen! (Belgium)","Groen!",528
"226","GroenLinks (Netherlands)","GroenLinks",1537
"227","Grupo Mixto Congreso (Spain)","Grupo Mixto Congreso",NA
"228","Grupo Mixto Senado (Spain)","Grupo Mixto Senado",2928
"229","Herri Batasuna (Spain)","Herri Batasuna",473
"230","Hnutí Hlas (Czechia)","Hnutí Hlas",7337
"231","Hnutie za demokratické Slovensko (Slovakia)","Hnutie za demokratické Slovensko",560
"232","Hrvatska demokratska zajednica (Croatia)","Hrvatska demokratska zajednica",1431
"233","Hrvatska konzervativna stranka (Croatia)","Hrvatska konzervativna stranka",2524
"234","Hrvatska narodna stranka - liberalni demokrati (Croatia)","Hrvatska narodna stranka - liberalni demokrati",799
"235","Hrvatska seljačka stranka (Croatia)","Hrvatska seljačka stranka",72
"236","Hrvatska stranka prava dr. Ante Starčević (Croatia)","Hrvatska stranka prava dr. Ante Starčević",3706
"237","Hrvatski laburisti - stranka rada (Croatia)","Hrvatski laburisti - stranka rada",214
"238","I Democratici (Italy)","I Democratici",643
"239","Il Popolo della Libertà (Italy)","Il Popolo della Libertà",365
"240","Indépendent (Greece)","Indépendent",1651
"241","Independent Greeks (Greece)","Independent Greeks",1651
"242","Independents for change (Ireland)","Independents for change",8181
"243","Indipendente (Italy)","Indipendente",NA
"244","Indipendente - Lista Italia dei Valori - Di Pietro Occhetto (Italy)","Indipendente - Lista Italia dei Valori - Di Pietro Occhetto",768
"245","Indipendenti di sinistra (Italy)","Indipendenti di sinistra",2741
"246","Iniciativa per Catalunya Verds (Spain)","Iniciativa per Catalunya Verds",1260
"247","Iniciativa Per Catalunya Verds - Esquerra Unida í Alternativa (Spain)","Iniciativa Per Catalunya Verds - Esquerra Unida í Alternativa",1260
"248","Io Cambio (Italy)","Io Cambio",NA
"249","Isamaa (Estonia)","Isamaa",685
"250","Isamaa ja Res Publica Liit (Estonia)","Isamaa ja Res Publica Liit",685
"251","Isamaaliit (Estonia)","Isamaaliit",685
"252","Istarski demokratski sabor - Dieta democratica istriana (Croatia)","Istarski demokratski sabor - Dieta democratica istriana",513
"253","Italia dei Valori (Italy)","Italia dei Valori",768
"254","Italia dei Valori - Di Pietro-Occhetto (Italy)","Italia dei Valori - Di Pietro-Occhetto",768
"255","Italia dei Valori - Lista Di Pietro (Italy)","Italia dei Valori - Lista Di Pietro",768
"256","Italia dei Valori - Lista Di Pietro (Indipendente) (Italy)","Italia dei Valori - Lista Di Pietro (Indipendente)",768
"257","Italia Viva (Italy)","Italia Viva",NA
"258","Izquierda de los Pueblos (Spain)","Izquierda de los Pueblos",1437
"259","Izquierda Unida (Spain)","Izquierda Unida",247
"260","Izquierda Unida - Iniciativa Per Catalunya Verds - Esquerra Unida í Alternativa (Spain)","Izquierda Unida - Iniciativa Per Catalunya Verds - Esquerra Unida í Alternativa",1260
"261","Izquierda Unida-Iniciativa per Catalunya (Spain)","Izquierda Unida-Iniciativa per Catalunya",1260
"262","Izquierda Xunida (Spain)","Izquierda Xunida",247
"263","Jaunais laiks (Latvia)","Jaunais laiks",1531
"264","Jobbik Magyarországért Mozgalom (Hungary)","Jobbik Magyarországért Mozgalom",42
"265","Juni-Bevægelsen (Denmark)","Juni-Bevægelsen",1421
"266","JuniBevægelsen (Denmark)","JuniBevægelsen",1421
"267","JuniBevægelsen - Mod Unionen (Denmark)","JuniBevægelsen - Mod Unionen",1421
"268","Junilistan (Sweden)","Junilistan",1093
"269","Junts per Catalunya - Lliures per Europa (Spain)","Junts per Catalunya - Lliures per Europa",7421
"270","Kansallinen Kokoomus (Finland)","Kansallinen Kokoomus",495
"271","Kereszténydemokrata Néppárt (Hungary)","Kereszténydemokrata Néppárt",1412
"272","Kinima Sosialdimokraton (Cyprus)","Kinima Sosialdimokraton",1028
"273","Komma Dimokratikou Socialismou (Greece)","Komma Dimokratikou Socialismou",1030
"274","Komma Proodevtikon (Greece)","Komma Proodevtikon",619
"275","Kommounistiko Komma Elladas (Greece)","Kommounistiko Komma Elladas",48
"276","Komunistická strana Čech a Moravy (Czechia)","Komunistická strana Čech a Moravy",1728
"277","Komunistická strana Slovenska (Slovakia)","Komunistická strana Slovenska",340
"278","Kongres Nowej Prawicy (Poland)","Kongres Nowej Prawicy",4713
"279","KORWiN (Poland)","KORWiN",4629
"280","Kotleba – Ľudová strana Naše Slovensko (Slovakia)","Kotleba – Ľudová strana Naše Slovensko",656
"281","Křesťanská a demokratická unie - Československá strana lidová (Czechia)","Křesťanská a demokratická unie - Československá strana lidová",676
"282","Křesťansko democratická unie - Československá strana lídová (Czechia)","Křesťansko democratická unie - Československá strana lídová",676
"283","Kresťanskodemokratické hnutie (Slovakia)","Kresťanskodemokratické hnutie",63
"284","Krikščionių demokratų sajunga (Lithuania)","Krikščionių demokratų sajunga",776
"285","Kristdemokraterna (Sweden)","Kristdemokraterna",651
"286","Kristdemokratiska samhällspartiet (Sweden)","Kristdemokratiska samhällspartiet",651
"287","L'union pour les Outremer (France)","L'union pour les Outremer",2536
"288","La Destra - Alleanza Siciliana (Italy)","La Destra - Alleanza Siciliana",NA
"289","La France Insoumise (France)","La France Insoumise",5858
"290","La Gauche moderne (France)","La Gauche moderne",NA
"291","La Maison de la Vie (France)","La Maison de la Vie",NA
"292","La Margherita (Italy)","La Margherita",279
"293","La République en marche (France)","La République en marche",5857
"294","La Rete movimento democratico (Italy)","La Rete movimento democratico",131
"295","Labour and the Gibraltar Socialist Labour Party (United Kingdom)","Labour and the Gibraltar Socialist Labour Party",1277
"296","Labour Party (Ireland)","Labour Party",562
"297","Laikos Orthodoxos Synagermos - G. Karatzaferis (Greece)","Laikos Orthodoxos Synagermos - G. Karatzaferis",965
"298","Latvijas Krievu savienība (Latvia)","Latvijas Krievu savienība",176
"299","Latvijas Pirmā Partija (Latvia)","Latvijas Pirmā Partija",1778
"300","Latvijas Pirmā Partija/Latvijas Ceļš (Latvia)","Latvijas Pirmā Partija/Latvijas Ceļš",461
"301","Lega (Italy)","Lega",1221
"302","Lega antiproibizionisti droga (Italy)","Lega antiproibizionisti droga",878
"303","Lega lombarda (Italy)","Lega lombarda",744
"304","Lega Nord (Italy)","Lega Nord",1221
"305","Lega Nord per l'indipendenza della Padania (Italy)","Lega Nord per l'indipendenza della Padania",1221
"306","Lehet Más A Politika (Hungary)","Lehet Más A Politika",1650
"307","Les centristes (France)","Les centristes",1255
"308","Les Français Libres (France)","Les Français Libres",NA
"309","Les Patriotes (France)","Les Patriotes",6712
"310","Les radicaux de Gauche (France)","Les radicaux de Gauche",1783
"311","Les Républicains (France)","Les Républicains",8168
"312","Les Verts (Luxembourg)","Les Verts",1138
"313","Les Verts-Europe-Ecologie (France)","Les Verts-Europe-Ecologie",5650
"314","Liberal Democrat Party (United Kingdom)","Liberal Democrat Party",1388
"315","Liberal Democrats (United Kingdom)","Liberal Democrats",540
"316","Liberal Democrats Party (United Kingdom)","Liberal Democrats Party",1388
"317","Liberal-Conservative Refomists (Germany)","Liberal-Conservative Refomists",2702
"318","Liberalerna (Sweden)","Liberalerna",1274
"319","Liberales Forum (Austria)","Liberales Forum",605
"320","Liberali Democratici Europei (Italy)","Liberali Democratici Europei",7129
"321","Liberalna Demokracija Slovenije (Slovenia)","Liberalna Demokracija Slovenije",975
"322","Liberalų demokratų partija (Lithuania)","Liberalų demokratų partija",341
"323","Liberalų demokratųpartija (Lithuania)","Liberalų demokratųpartija",341
"324","Liberalų ir Centro Sajunga (Lithuania)","Liberalų ir Centro Sajunga",1193
"325","Liberalų ir centro sąjunga (Lithuania)","Liberalų ir centro sąjunga",1193
"326","Libertarian Party (United Kingdom)","Libertarian Party",NA
"327","Lietuvos krikščionys demokratai (Lithuania)","Lietuvos krikščionys demokratai",1063
"328","Lietuvos lenkų rinkimų akcija (Lithuania)","Lietuvos lenkų rinkimų akcija",556
"329","Lietuvos lenkų rinkimų akcija – Krikščioniškų šeimų sąjunga (Lithuania)","Lietuvos lenkų rinkimų akcija – Krikščioniškų šeimų sąjunga",556
"330","Lietuvos Liberalų Demokratų Partija (Lithuania)","Lietuvos Liberalų Demokratų Partija",341
"331","Lietuvos Liberalų sąjunga (Lithuania)","Lietuvos Liberalų sąjunga",1357
"332","Lietuvos Respublikos liberalų sąjūdis (Lithuania)","Lietuvos Respublikos liberalų sąjūdis",1744
"333","Lietuvos socialdemokratų partija (Lithuania)","Lietuvos socialdemokratų partija",64
"334","Lietuvos Socialdemokratų Partija (Lithuania)","Lietuvos Socialdemokratų Partija",64
"335","Lietuvos valstiečių ir žaliųjų sąjunga (Lithuania)","Lietuvos valstiečių ir žaliųjų sąjunga",1490
"336","Lietuvos valstiečių liaudininkų sąjunga (Lithuania)","Lietuvos valstiečių liaudininkų sąjunga",6811
"337","Liga Polskich Rodzin (Poland)","Liga Polskich Rodzin",1768
"338","Ligue Communiste Révolutionnaire (France)","Ligue Communiste Révolutionnaire",1506
"339","Lijst Dedecker (Belgium)","Lijst Dedecker",43
"340","Linkspartei.PDS (Germany)","Linkspartei.PDS",1545
"341","Lista dr. Igorja Šoltesa (Slovenia)","Lista dr. Igorja Šoltesa",3205
"342","Lista Emma Bonino (Italy)","Lista Emma Bonino",2134
"343","Lista Marjana Šarca (Slovenia)","Lista Marjana Šarca",6132
"344","Lista Tsipras-L'Altra Europa (Italy)","Lista Tsipras-L'Altra Europa",6685
"345","Liste ""Alliance des Outre-Mers"" (France)","Liste ""Alliance des Outre-Mers""",2536
"346","Liste ""Dr. Martin - für Demokratie, Kontrolle, Gerechtigkeit"" (Austria)","Liste ""Dr. Martin - für Demokratie, Kontrolle, Gerechtigkeit""",1708
"347","Liste ""Quand l’Europe veut, l’Europe peut ― Majorité présidentielle ― UMP ― Nouveau Centre ― la Gauche moderne"" (France)","Liste ""Quand l’Europe veut, l’Europe peut ― Majorité présidentielle ― UMP ― Nouveau Centre ― la Gauche moderne""",1595
"348","Liste Dr. Hans-Peter Martin - Für echte Kontrolle in Brüssel (Austria)","Liste Dr. Hans-Peter Martin - Für echte Kontrolle in Brüssel",1708
"349","Liste Renaissance (France)","Liste Renaissance",NA
"350","Los Verdes (Spain)","Los Verdes",2457
"351","Ľudová strana - Hnutie za demokratické Slovensko (Slovakia)","Ľudová strana - Hnutie za demokratické Slovensko",560
"352","Ľudová únia (Slovakia)","Ľudová únia",NA
"353","Lutte ouvrière (France)","Lutte ouvrière",617
"354","Magyar Demokrata Fórum (Hungary)","Magyar Demokrata Fórum",1697
"355","Magyar Szocialista Párt (Hungary)","Magyar Szocialista Párt",1408
"356","Majorité pour l'autre Europe (France)","Majorité pour l'autre Europe",509
"357","MeRA25 (Greece)","MeRA25",7348
"358","Miljöpartiet (Sweden)","Miljöpartiet",456
"359","Miljöpartiet de gröna (Sweden)","Miljöpartiet de gröna",456
"360","Miljøpartiet Fokus (Denmark)","Miljøpartiet Fokus",NA
"361","Minoritati (Romania)","Minoritati",NA
"362","Moderata samlingspartiet (Sweden)","Moderata samlingspartiet",690
"363","Moderata Samlingspartiet (Sweden)","Moderata Samlingspartiet",690
"364","Moderaterna (Sweden)","Moderaterna",690
"365","Modern Magyarország Mozgalom (Hungary)","Modern Magyarország Mozgalom",42
"366","Momentum (Hungary)","Momentum",859
"367","MOST - HÍD (Slovakia)","MOST - HÍD",258
"368","Mouvement Démocrate (France)","Mouvement Démocrate",496
"369","Mouvement des citoyens (France)","Mouvement des citoyens",3156
"370","Mouvement des Citoyens pour le Changement (Belgium)","Mouvement des Citoyens pour le Changement",791
"371","Mouvement des Radicaux de Gauche (France)","Mouvement des Radicaux de Gauche",1783
"372","Mouvement pour la France (France)","Mouvement pour la France",364
"373","Mouvement pour la France - Rassemblement pour l’Indépendance et la Souveraineté de la France (France)","Mouvement pour la France - Rassemblement pour l’Indépendance et la Souveraineté de la France",364
"374","Mouvement Radical (France)","Mouvement Radical",14
"375","Mouvement Radical Social-Libéral (France)","Mouvement Radical Social-Libéral",14
"376","Mouvement Réformateur (Belgium)","Mouvement Réformateur",789
"377","Movement for Rights and Freedoms (Bulgaria)","Movement for Rights and Freedoms",982
"378","Movement for Social Democracy EDEK (Cyprus)","Movement for Social Democracy EDEK",1028
"379","Movimento 5 Stelle (Italy)","Movimento 5 Stelle",2046
"380","Movimento Civico Federativo Popolare (Italy)","Movimento Civico Federativo Popolare",NA
"381","Movimento Repubblicani Europei (Italy)","Movimento Repubblicani Europei",1165
"382","Movimento Sociale Europeo (Italy)","Movimento Sociale Europeo",1696
"383","Movimento sociale fiamma tricolore (Italy)","Movimento sociale fiamma tricolore",1101
"384","Movimento Sociale Fiamma tricolore (Italy)","Movimento Sociale Fiamma tricolore",1101
"385","Movimento sociale italiano (Italy)","Movimento sociale italiano",1696
"386","Movimento sociale italiano - Destra nazionale (Italy)","Movimento sociale italiano - Destra nazionale",813
"387","Nacionālā apvienība ""Visu Latvijai!""-""Tēvzemei un Brīvībai/LNNK"" (Latvia)","Nacionālā apvienība ""Visu Latvijai!""-""Tēvzemei un Brīvībai/LNNK""",1704
"388","Naprzód Polsko (Poland)","Naprzód Polsko",NA
"389","National Front for the Salvation of Bulgaria (Bulgaria)","National Front for the Salvation of Bulgaria",2057
"390","National Movement for Stability and Progress (Bulgaria)","National Movement for Stability and Progress",374
"391","National Movement Simeon II (Bulgaria)","National Movement Simeon II",374
"392","National-Democratic Party (Bulgaria)","National-Democratic Party",2635
"393","Nationaldemokratische Partei Deutschlands (Germany)","Nationaldemokratische Partei Deutschlands",1723
"394","Naujoji sąjunga (socialliberalai) (Lithuania)","Naujoji sąjunga (socialliberalai)",1800
"395","Nea Demokratia (Greece)","Nea Demokratia",4444
"396","Nea Dimokratia (Greece)","Nea Dimokratia",794
"397","Neo Aristero Revma (Greece)","Neo Aristero Revma",2710
"398","NEOS – Das Neue Österreich (Austria)","NEOS – Das Neue Österreich",1970
"399","NEZÁVISLÍ/DEMOKRATÉ (Czechia)","NEZÁVISLÍ/DEMOKRATÉ",1425
"400","Nieuw-Vlaamse Alliantie (Belgium)","Nieuw-Vlaamse Alliantie",36
"401","Niezależny (Poland)","Niezależny",NA
"402","None (Italy)","None",NA
"403","None lid (Netherlands)","None lid",NA
"404","Nonee (Portugal)","Nonee",NA
"405","NoneSocialiste (France)","NoneSocialiste",NA
"406","NoneUnited Kingdom (United Kingdom)","NoneUnited Kingdom",NA
"407","Nous Citoyens (France)","Nous Citoyens",NA
"408","Nouveau Centre (France)","Nouveau Centre",1255
"409","Nouveau Centre-UDI (France)","Nouveau Centre-UDI",1255
"410","Nouvelle Donne (France)","Nouvelle Donne",NA
"411","NOVA (Slovakia)","NOVA",6686
"412","Nova Esquerra Catalana (Spain)","Nova Esquerra Catalana",NA
"413","Nova Slovenija (Slovenia)","Nova Slovenija",1618
"414","Nova Slovenija - Krščanska ljudska stranka (Slovenia)","Nova Slovenija - Krščanska ljudska stranka",1618
"415","Nova Slovenija – Krščanski demokrati (Slovenia)","Nova Slovenija – Krščanski demokrati",1618
"416","Nueva Izquierda (Spain)","Nueva Izquierda",NA
"417","Nuovo Centrodestra (Italy)","Nuovo Centrodestra",2052
"418","Ny Alliance (Denmark)","Ny Alliance",212
"419","Občanská demokratická strana (Czechia)","Občanská demokratická strana",466
"420","OBYČAJNÍ ĽUDIA (Slovakia)","OBYČAJNÍ ĽUDIA",2130
"421","Obyčajní ľudia a nezávislé osobnosti (Slovakia)","Obyčajní ľudia a nezávislé osobnosti",2130
"422","Održivi razvoj Hrvatske (Croatia)","Održivi razvoj Hrvatske",3201
"423","Ökologisch-Demokratische Partei (Germany)","Ökologisch-Demokratische Partei",7345
"424","Open Vlaamse Liberalen en Democraten (Belgium)","Open Vlaamse Liberalen en Democraten",49
"425","Open VLD (Belgium)","Open VLD",49
"426","Österreichische Volkspartei (Austria)","Österreichische Volkspartei",1329
"427","Österreichische Volkspartei - Liste Ursula Stenzel (Austria)","Österreichische Volkspartei - Liste Ursula Stenzel",1329
"428","Pacifistisch Socialistische Partij (Netherlands)","Pacifistisch Socialistische Partij",1050
"429","Panellinio Socialistiko Kinima (Greece)","Panellinio Socialistiko Kinima",1468
"430","Panhellenic Socialist Movement (Greece)","Panhellenic Socialist Movement",1468
"431","Panhellenic Socialist Movement - Olive Tree (Greece)","Panhellenic Socialist Movement - Olive Tree",1468
"432","Pannella-Riformatori (Italy)","Pannella-Riformatori",1449
"433","Par cilvēka tiesībām vienotā Latvijā (Latvia)","Par cilvēka tiesībām vienotā Latvijā",176
"434","Partei des Demokratischen Sozialismus (Germany)","Partei des Demokratischen Sozialismus",86
"435","Partei Mensch Umwelt Tierschutz (Germany)","Partei Mensch Umwelt Tierschutz",749
"436","Parti chrétien social (Luxembourg)","Parti chrétien social",539
"437","Parti chrétien social luxembourgeois (Luxembourg)","Parti chrétien social luxembourgeois",539
"438","Parti communiste français (France)","Parti communiste français",1251
"439","Parti communiste réunionnais (France)","Parti communiste réunionnais",509
"440","Parti de la France (France)","Parti de la France",NA
"441","Parti démocratique (Luxembourg)","Parti démocratique",300
"442","Parti du Travail de Belgique (Belgium)","Parti du Travail de Belgique",1753
"443","Parti écologiste (Belgium)","Parti écologiste",NA
"444","Parti ouvrier socialiste luxembourgeois (Luxembourg)","Parti ouvrier socialiste luxembourgeois",186
"445","Parti radical (France)","Parti radical",14
"446","Parti Radical (France)","Parti Radical",14
"447","Parti Radical - UDI (France)","Parti Radical - UDI",3229
"448","Parti Radical / Union des Démocrates et Indépendants (France)","Parti Radical / Union des Démocrates et Indépendants",3229
"449","Parti radical de gauche (France)","Parti radical de gauche",1783
"450","Parti radical socialiste (France)","Parti radical socialiste",14
"451","Parti réformateur libéral (Belgium)","Parti réformateur libéral",554
"452","Parti réformateur libéral/Front démocratique des francophones (Belgium)","Parti réformateur libéral/Front démocratique des francophones",8259
"453","Parti républicain (France)","Parti républicain",1246
"454","Parti social démocrate (France)","Parti social démocrate",6689
"455","Parti social-chrétien (Belgium)","Parti social-chrétien",633
"456","Parti social-chrétien (Parti populaire européen) (Belgium)","Parti social-chrétien (Parti populaire européen)",405
"457","Parti socialiste (France)","Parti socialiste",1478
"458","Parti Socialiste (Belgium)","Parti Socialiste",500
"459","Parti socialiste (apparenté) (France)","Parti socialiste (apparenté)",1478
"460","Partia Demokratyczna (Poland)","Partia Demokratyczna",1566
"461","Partia Ludowo-Demokratyczna (Poland)","Partia Ludowo-Demokratyczna",2890
"462","Partido Andalucista (Spain)","Partido Andalucista",1497
"463","Partido Aragones (Spain)","Partido Aragones",946
"464","Partido Comunista Português (Portugal)","Partido Comunista Português",310
"465","Partido da Terra (Portugal)","Partido da Terra",3226
"466","Partido Demócrata Popular (Spain)","Partido Demócrata Popular",206
"467","Partido Democrático Republicano (Portugal)","Partido Democrático Republicano",4513
"468","Partido do Centro Democrático Social (Portugal)","Partido do Centro Democrático Social",1308
"469","Partido do Centro Democrático Social-Partido Popular (Portugal)","Partido do Centro Democrático Social-Partido Popular",1308
"470","Partido Nacionalista Vasco (Spain)","Partido Nacionalista Vasco",1637
"471","Partido Popular (Spain)","Partido Popular",441
"472","Partido Popular (Indepediente) (Spain)","Partido Popular (Indepediente)",441
"473","Partido Renovador Democratico (Portugal)","Partido Renovador Democratico",1600
"474","Partido Social Democrata (Portugal)","Partido Social Democrata",1359
"475","Partido Socialista (Portugal)","Partido Socialista",655
"476","Partido Socialista Obrero Español (Spain)","Partido Socialista Obrero Español",1338
"477","Partido Socialista Obrero Español (Indepediente) (Spain)","Partido Socialista Obrero Español (Indepediente)",1338
"478","Partido Socialista Obrero Español (Progresistas) (Spain)","Partido Socialista Obrero Español (Progresistas)",1338
"479","Partidul Conservator (Romania)","Partidul Conservator",1443
"480","Partidul Democrat (Romania)","Partidul Democrat",1715
"481","Partidul Democrat-Liberal (Romania)","Partidul Democrat-Liberal",660
"482","Partidul Liberal Democrat (Romania)","Partidul Liberal Democrat",874
"483","Partidul Libertate, Unitate și Solidaritate (Romania)","Partidul Libertate, Unitate și Solidaritate",NA
"484","Partidul Mișcarea Populară (Romania)","Partidul Mișcarea Populară",3210
"485","Partidul Naţional Liberal (Romania)","Partidul Naţional Liberal",481
"486","Partidul Naţional Ţaranesc Creştin Democrat (Romania)","Partidul Naţional Ţaranesc Creştin Democrat",1750
"487","Partidul Național Țărănesc Creștin Democrat (Romania)","Partidul Național Țărănesc Creștin Democrat",1750
"488","Partidul Prodemo (Romania)","Partidul Prodemo",2895
"489","Partidul Puterii Umaniste (Romania)","Partidul Puterii Umaniste",NA
"490","Partidul România Mare (Romania)","Partidul România Mare",1305
"491","Partidul Social Democrat (Romania)","Partidul Social Democrat",120
"492","Partidul Social Democrat + Partidul Conservator (Romania)","Partidul Social Democrat + Partidul Conservator",120
"493","Partij van de Arbeid (Netherlands)","Partij van de Arbeid",1234
"494","Partij voor de Dieren (Netherlands)","Partij voor de Dieren",1467
"495","Partij voor de Vrijheid (Netherlands)","Partij voor de Vrijheid",298
"496","Partij voor vrijheid en vooruitgang (Belgium)","Partij voor vrijheid en vooruitgang",49
"497","Partij voor vrijheid en vooruitgang (Europese Liberalen en Demokraten) (Belgium)","Partij voor vrijheid en vooruitgang (Europese Liberalen en Demokraten)",49
"498","Partija ""VIENOTĪBA"" (Latvia)","Partija ""VIENOTĪBA""",852
"499","Partija Tvarka ir teisingumas (Lithuania)","Partija Tvarka ir teisingumas",237
"500","Partit dels Socialistes de Catalunya (Spain)","Partit dels Socialistes de Catalunya",1687
"501","Partit Demòcrata Europeu i Català (Spain)","Partit Demòcrata Europeu i Català",4795
"502","Partit Laburista (Malta)","Partit Laburista",808
"503","Partit Nazzjonalista (Malta)","Partit Nazzjonalista",699
"504","Partito comunista italiano (Italy)","Partito comunista italiano",34
"505","Partito dei Comunisti Italiani (Italy)","Partito dei Comunisti Italiani",1635
"506","Partito del Sud (Italy)","Partito del Sud",NA
"507","Partito della rifondazione comunista (Italy)","Partito della rifondazione comunista",1404
"508","Partito della Rifondazione Comunista - Sinistra Europea (Italy)","Partito della Rifondazione Comunista - Sinistra Europea",1404
"509","Partito della Rifondazione Comunista - Sinistra Europea (Indipendente) (Italy)","Partito della Rifondazione Comunista - Sinistra Europea (Indipendente)",1404
"510","Partito Democratico (Italy)","Partito Democratico",802
"511","Partito democratico della sinistra (Italy)","Partito democratico della sinistra",8054
"512","Partito democratico di unità proletaria (Italy)","Partito democratico di unità proletaria",1505
"513","Partito liberale italiano (Italy)","Partito liberale italiano",1461
"514","Partito Pensionati (Italy)","Partito Pensionati",772
"515","Partito popolare italiano (Italy)","Partito popolare italiano",934
"516","Partito radicale (Italy)","Partito radicale",1449
"517","Partito repubblicano italiano (Italy)","Partito repubblicano italiano",394
"518","Partito Socialista (Italy)","Partito Socialista",742
"519","Partito socialista democratico italiano (Italy)","Partito socialista democratico italiano",1126
"520","Partito socialista italiano (Italy)","Partito socialista italiano",742
"521","Partito Socialista Nuovo PSI (Italy)","Partito Socialista Nuovo PSI",888
"522","Partitu di a Nazione Corsa (France)","Partitu di a Nazione Corsa",2536
"523","PASOK-KINAL (Greece)","PASOK-KINAL",1468
"524","Patriotic Radical Union (PAT.RI.E.) (Greece)","Patriotic Radical Union (PAT.RI.E.)",NA
"525","Patto Segni (Italy)","Patto Segni",688
"526","People for Real, Open and United Democracy / Conservative Party for Democracy and Success (Bulgaria)","People for Real, Open and United Democracy / Conservative Party for Democracy and Success",NA
"527","Perussuomalaiset (Finland)","Perussuomalaiset",1689
"528","Pessoas-Animais-Natureza (Portugal)","Pessoas-Animais-Natureza",97
"529","Pilsoniskā Savienība (Latvia)","Pilsoniskā Savienība",415
"530","Piratenpartei Deutschland (Germany)","Piratenpartei Deutschland",1287
"531","PIRÁTI (Czechia)","PIRÁTI",2047
"532","Piratpartiet (Sweden)","Piratpartiet",1485
"533","Più Europa (Italy)","Più Europa",6155
"534","Place publique (France)","Place publique",NA
"535","Plaid Cymru - Parti of Wales (United Kingdom)","Plaid Cymru - Parti of Wales",1002
"536","Plaid Cymru - Party of Wales (United Kingdom)","Plaid Cymru - Party of Wales",1002
"537","Platform European Socialists (Bulgaria)","Platform European Socialists",NA
"538","Platforma Obywatelska (Poland)","Platforma Obywatelska",1117
"539","PODEMOS (Spain)","PODEMOS",3203
"540","Pôle Républicain (France)","Pôle Républicain",3156
"541","Politieke Partij Radikalen (Netherlands)","Politieke Partij Radikalen",1581
"542","Politiki Anixi (Greece)","Politiki Anixi",312
"543","Politiskā Partija ""Alternative"" (Latvia)","Politiskā Partija ""Alternative""",3214
"544","Politisko organizāciju savienība ""Par cilvēka tiesībām vienotā Latvijā"" (Latvia)","Politisko organizāciju savienība ""Par cilvēka tiesībām vienotā Latvijā""",176
"545","Politisko partiju apvienība ""Saskaņas centrs"" (Latvia)","Politisko partiju apvienība ""Saskaņas centrs""",1056
"546","Polo laico (liberali - repubblicani - federalisti) (Italy)","Polo laico (liberali - repubblicani - federalisti)",NA
"547","Polska Jest Najważniejsza (Poland)","Polska Jest Najważniejsza",41
"548","Polska Razem Jarosława Gowina (Poland)","Polska Razem Jarosława Gowina",2992
"549","Polski Blok Ludowy (Poland)","Polski Blok Ludowy",NA
"550","Polskie Stronnictwo Ludowe (Poland)","Polskie Stronnictwo Ludowe",602
"551","Polskie Stronnictwo Ludowe ""PIAST"" (Poland)","Polskie Stronnictwo Ludowe ""PIAST""",6757
"552","Popolari per l’Europa (Italy)","Popolari per l’Europa",115
"553","Popular Association – Golden Dawn (Greece)","Popular Association – Golden Dawn",4512
"554","Popular Orthodox Rally - G. Karatzaferis (Greece)","Popular Orthodox Rally - G. Karatzaferis",965
"555","Popular Unity (Greece)","Popular Unity",4512
"556","Prawica Rzeczypospolitej (Poland)","Prawica Rzeczypospolitej",876
"557","Prawo i Sprawiedliwość (Poland)","Prawo i Sprawiedliwość",1565
"558","PRO Romania (Romania)","PRO Romania",7359
"559","Progresívne Slovensko (Slovakia)","Progresívne Slovensko",7361
"560","Progressive Democrats (Ireland)","Progressive Democrats",924
"561","Progressive Party of Working People - Left - New Forces (Cyprus)","Progressive Party of Working People - Left - New Forces",1076
"562","Rahvaerakond Mõõdukad (Estonia)","Rahvaerakond Mõõdukad",1150
"563","Rassemblement bleu Marine (France)","Rassemblement bleu Marine",NA
"564","Rassemblement Démocratique de la Martinique (France)","Rassemblement Démocratique de la Martinique",NA
"565","Rassemblement national (France)","Rassemblement national",433
"566","Rassemblement pour la France (France)","Rassemblement pour la France",364
"567","Rassemblement pour la République (France)","Rassemblement pour la République",509
"568","Regenboog/Communistische Partij Nederland (Netherlands)","Regenboog/Communistische Partij Nederland",459
"569","Regenboog/Politieke Partij Radikalen (Netherlands)","Regenboog/Politieke Partij Radikalen",1581
"570","Régions et Peuples Solidaires (France)","Régions et Peuples Solidaires",NA
"571","Reload Bulgaria Party (Bulgaria)","Reload Bulgaria Party",3188
"572","Res Publica (Estonia)","Res Publica",491
"573","Rifondazione comunista (Italy)","Rifondazione comunista",1404
"574","Rinnovamento italiano - Dini (Italy)","Rinnovamento italiano - Dini",259
"575","Romániai Magyar Demokrata Szövetség (Romania)","Romániai Magyar Demokrata Szövetség",1105
"576","Ruch Katolicko-Narodowy (Poland)","Ruch Katolicko-Narodowy",3224
"577","Ruch Społeczny AWS (Poland)","Ruch Społeczny AWS",NA
"578","Samoobrona RP (Poland)","Samoobrona RP",16
"579","Savienība ""Latvijas Celš"" (Latvia)","Savienība ""Latvijas Celš""",1043
"580","Scottish Conservative and Unionist Party (United Kingdom)","Scottish Conservative and Unionist Party",NA
"581","Scottish Liberal Democrats (United Kingdom)","Scottish Liberal Democrats",NA
"582","Scottish National Party (United Kingdom)","Scottish National Party",986
"583","Siamo Europei (Italy)","Siamo Europei",NA
"584","Sinistra Democratica (Italy)","Sinistra Democratica",2415
"585","Sinistra Italiana (Italy)","Sinistra Italiana",1212
"586","Sinistra Verde (Italy)","Sinistra Verde",NA
"587","Sinn Fein (United Kingdom)","Sinn Fein",963
"588","Sinn Féin (Ireland)","Sinn Féin",4
"589","Siumut (Denmark)","Siumut",6651
"590","Sloboda a Solidarita (Slovakia)","Sloboda a Solidarita",1386
"591","Slovenská demokratická a kresťanská únia (Slovakia)","Slovenská demokratická a kresťanská únia",1617
"592","Slovenská demokratická a kresťanská únia - Demokratická strana (Slovakia)","Slovenská demokratická a kresťanská únia - Demokratická strana",1617
"593","Slovenska demokratska stranka (Slovenia)","Slovenska demokratska stranka",472
"594","Slovenska ljudska stranka (Slovenia)","Slovenska ljudska stranka",764
"595","Slovenska Ljudska Stranka (Slovenia)","Slovenska Ljudska Stranka",764
"596","Slovenská národná strana (Slovakia)","Slovenská národná strana",730
"597","Smer (Slovakia)","Smer",311
"598","SMER-Sociálna demokracia (Slovakia)","SMER-Sociálna demokracia",311
"599","SNK sdruženi nezávislých a Evropští demokraté (Czechia)","SNK sdruženi nezávislých a Evropští demokraté",751
"600","Sociaal Progressief Alternatief (Belgium)","Sociaal Progressief Alternatief",NA
"601","Social Democratic and Labour Party (Northern Ireland) (United Kingdom)","Social Democratic and Labour Party (Northern Ireland)",762
"602","Social Democratic Party (United Kingdom)","Social Democratic Party",957
"603","Socialdemokraterna (Sweden)","Socialdemokraterna",487
"604","Socialdemokratiet (Denmark)","Socialdemokratiet",379
"605","Socialdemokratiska arbetarepartiet (Sweden)","Socialdemokratiska arbetarepartiet",487
"606","Socialdemokratska stranka Slovenije (Slovenia)","Socialdemokratska stranka Slovenije",472
"607","Socialist Party (Ireland)","Socialist Party",1448
"608","Socialisti democratici italiani (Italy)","Socialisti democratici italiani",750
"609","Socialistische Partij (Belgium)","Socialistische Partij",1680
"610","Socialistische Partij.Anders (Belgium)","Socialistische Partij.Anders",1680
"611","Socialistische Partij.Anders- Sociaal, Progressief, Internationaal, Regionaal, Integraal Democratisch, Toekomstgericht (Belgium)","Socialistische Partij.Anders- Sociaal, Progressief, Internationaal, Regionaal, Integraal Democratisch, Toekomstgericht",7015
"612","Socialistisk folkeparti (Denmark)","Socialistisk folkeparti",329
"613","Socialistisk Folkeparti (Denmark)","Socialistisk Folkeparti",329
"614","Socialni demokrati (Slovenia)","Socialni demokrati",1403
"615","Socijaldemokratska partija Hrvatske (Croatia)","Socijaldemokratska partija Hrvatske",1475
"616","Socjaldemocracja Polska (Poland)","Socjaldemocracja Polska",1328
"617","Socjaldemokracja Polska (Poland)","Socjaldemokracja Polska",1328
"618","Sojusz Lewicy Demokratycznej (Poland)","Sojusz Lewicy Demokratycznej",57
"619","Sojusz Lewicy Demokratycznej - Unia Pracy (Poland)","Sojusz Lewicy Demokratycznej - Unia Pracy",6183
"620","Solidarna Polska (Poland)","Solidarna Polska",328
"621","Solidarna Polska Zbigniewa Ziobro (Poland)","Solidarna Polska Zbigniewa Ziobro",328
"622","Sõltumatu (Estonia)","Sõltumatu",NA
"623","Sotsiaaldemokraatlik Erakond (Estonia)","Sotsiaaldemokraatlik Erakond",1150
"624","Sozialdemokratische Partei Deutschlands (Germany)","Sozialdemokratische Partei Deutschlands",383
"625","Sozialdemokratische Partei Österreichs (Austria)","Sozialdemokratische Partei Österreichs",1384
"626","SPOLU – občianska demokracia (Slovakia)","SPOLU – občianska demokracia",8177
"627","Srtonnictwo Demokratyczne (Poland)","Srtonnictwo Demokratyczne",919
"628","Staatkundig Gereformeerde Partij (Netherlands)","Staatkundig Gereformeerde Partij",1178
"629","Staatkundig Gereformeerde Partij - Gereformeerd Politiek Verbond - Reformatorisch Politieke Federatie (Netherlands)","Staatkundig Gereformeerde Partij - Gereformeerd Politiek Verbond - Reformatorisch Politieke Federatie",3987
"630","Starostové a nezávisli (Czechia)","Starostové a nezávisli",1707
"631","Strana Demokratického Slovenska (Slovakia)","Strana Demokratického Slovenska",NA
"632","Strana demokratickej ľavice (Slovakia)","Strana demokratickej ľavice",1242
"633","Strana mad'arskej koalície - Magyar Koalíció Pártja (Slovakia)","Strana mad'arskej koalície - Magyar Koalíció Pártja",349
"634","Strana mad'arskej komunity- Magyar Közösség Pártja (Slovakia)","Strana mad'arskej komunity- Magyar Közösség Pártja",349
"635","Strana svobodných občanů (Czechia)","Strana svobodných občanů",254
"636","Stronnictwo Konserwatywno-Ludowe (Poland)","Stronnictwo Konserwatywno-Ludowe",2890
"637","Stronnictwo Piast (Poland)","Stronnictwo Piast",NA
"638","Südtiroler Volkspartei (Italy)","Südtiroler Volkspartei",1369
"639","Südtiroler Volkspartei (Partito popolare sudtirolese) (Italy)","Südtiroler Volkspartei (Partito popolare sudtirolese)",1369
"640","Suomen Keskusta (Finland)","Suomen Keskusta",901
"641","Suomen Kristillinen Liitto (Finland)","Suomen Kristillinen Liitto",703
"642","Suomen kristillisdemokraatit (Finland)","Suomen kristillisdemokraatit",703
"643","Suomen kristillisdemokraatit rp (Finland)","Suomen kristillisdemokraatit rp",703
"644","Suomen Sosialidemokraattinen Puolue/Finlands Socialdemokratiska Parti (Finland)","Suomen Sosialidemokraattinen Puolue/Finlands Socialdemokratiska Parti",1303
"645","Svenska folkpartiet (Finland)","Svenska folkpartiet",1229
"646","Sverigedemokraterna (Sweden)","Sverigedemokraterna",409
"647","Svoboda a přímá demokracie (Czechia)","Svoboda a přímá demokracie",6125
"648","Synaspismos tis Aristeras kai tis Proodou (Greece)","Synaspismos tis Aristeras kai tis Proodou",516
"649","Synaspismos tis Aristeras ton Kinimaton kai tis Oikologias (Greece)","Synaspismos tis Aristeras ton Kinimaton kai tis Oikologias",516
"650","Szabad Demokraták Szövetsége (Hungary)","Szabad Demokraták Szövetsége",910
"651","Tautas partija (Latvia)","Tautas partija",1755
"652","Tautas Saskanas Partija (Latvia)","Tautas Saskanas Partija",1719
"653","Tėvynės sąjunga (Lithuania)","Tėvynės sąjunga",193
"654","Tėvynės Sąjunga (Lithuania)","Tėvynės Sąjunga",193
"655","Tėvynės sąjunga - Lietuvos krikščionys demokratai (Lithuania)","Tėvynės sąjunga - Lietuvos krikščionys demokratai",193
"656","Tėvynės sąjunga-Lietuvos krikščionys demokratai (Lithuania)","Tėvynės sąjunga-Lietuvos krikščionys demokratai",193
"657","Tėvynės Sąjungos - konservatorių frakcija (Lithuania)","Tėvynės Sąjungos - konservatorių frakcija",193
"658","Tēvzemei un Brīvībai/LNNK (Latvia)","Tēvzemei un Brīvībai/LNNK",671
"659","The Brexit Party (United Kingdom)","The Brexit Party",7364
"660","The River (Greece)","The River",3118
"661","Thurrock Independents (United Kingdom)","Thurrock Independents",NA
"662","TOP 09 a Starostové (Czechia)","TOP 09 a Starostové",223
"663","Traditional Unionist (United Kingdom)","Traditional Unionist",2966
"664","UK Independence Party (United Kingdom)","UK Independence Party",601
"665","Ulster Conservatives and Unionists-New Force (United Kingdom)","Ulster Conservatives and Unionists-New Force",1366
"666","Ulster Unionist Party (United Kingdom)","Ulster Unionist Party",1366
"667","Unia Pracy (Poland)","Unia Pracy",1104
"668","Unia Wolnosci (Poland)","Unia Wolnosci",8268
"669","Unia Wolnosci/Partia Demokratyczna - demokraci.pl (Poland)","Unia Wolnosci/Partia Demokratyczna - demokraci.pl",1566
"670","Unie svobody-Demokratická unie (Czechia)","Unie svobody-Demokratická unie",104
"671","Unió Democràtica de Catalunya (Spain)","Unió Democràtica de Catalunya",4796
"672","Unió Valenciana (Spain)","Unió Valenciana",1094
"673","Unión Centro Democràtico (Spain)","Unión Centro Democràtico",1271
"674","Unión del Pueblo Navarro (Spain)","Unión del Pueblo Navarro",722
"675","Union des Démocrates et Indépendants (France)","Union des Démocrates et Indépendants",3229
"676","Union des Indépendants (France)","Union des Indépendants",3229
"677","Union of Democratic Forces (Bulgaria)","Union of Democratic Forces",1183
"678","Union pour la démocratie française (France)","Union pour la démocratie française",213
"679","Union pour la démocratie française - adhérent direct (France)","Union pour la démocratie française - adhérent direct",213
"680","Union pour la démocratie française - Adhérents directs (France)","Union pour la démocratie française - Adhérents directs",213
"681","Union pour la démocratie française - Centre des démocrates sociaux (France)","Union pour la démocratie française - Centre des démocrates sociaux",213
"682","Union pour la démocratie française - Clubs Perspectives et Réalités (France)","Union pour la démocratie française - Clubs Perspectives et Réalités",213
"683","Union pour la démocratie française - Démocratie libérale (France)","Union pour la démocratie française - Démocratie libérale",213
"684","Union pour la démocratie française - Force démocrate (France)","Union pour la démocratie française - Force démocrate",213
"685","Union pour la démocratie française - Parti populaire pour la démocratie française (France)","Union pour la démocratie française - Parti populaire pour la démocratie française",213
"686","Union pour la démocratie française - Parti radical (France)","Union pour la démocratie française - Parti radical",213
"687","Union pour la démocratie française - Parti républicain (France)","Union pour la démocratie française - Parti républicain",213
"688","Union pour la démocratie française - Parti social démocrate (France)","Union pour la démocratie française - Parti social démocrate",213
"689","Union pour la France en Europe (France)","Union pour la France en Europe",213
"690","Union pour la Majorité Présidentielle (France)","Union pour la Majorité Présidentielle",1595
"691","Union pour la Majorité Présidentielle - Rassemblement pour la République (France)","Union pour la Majorité Présidentielle - Rassemblement pour la République",1595
"692","Union pour un Mouvement Populaire (France)","Union pour un Mouvement Populaire",1595
"693","Union pour un Mouvement Populaire - Parti Radical (France)","Union pour un Mouvement Populaire - Parti Radical",1595
"694","Union Valdôtaine (Italy)","Union Valdôtaine",548
"695","Unión, Progreso y Democracia (Spain)","Unión, Progreso y Democracia",55
"696","Unione dei Democratici cristiani e dei Democratici di Centro (Italy)","Unione dei Democratici cristiani e dei Democratici di Centro",962
"697","Unione democratica per la Repubblica (Italy)","Unione democratica per la Repubblica",734
"698","Unione Democratici per l'Europa (Italy)","Unione Democratici per l'Europa",115
"699","Unione democratico cristiana (Italy)","Unione democratico cristiana",1701
"700","Unione di Centro (Italy)","Unione di Centro",201
"701","Unione Valdostana - Partito sardo d'azione (Italy)","Unione Valdostana - Partito sardo d'azione",877
"702","United Democratic Forces (Bulgaria)","United Democratic Forces",1183
"703","United Kingdom Independence Party (United Kingdom)","United Kingdom Independence Party",601
"704","Uniti nell'Ulivo (Italy)","Uniti nell'Ulivo",1737
"705","Uniti nell'Ulivo-Südtiroler Volkspartei (Italy)","Uniti nell'Ulivo-Südtiroler Volkspartei",1369
"706","Uniunea Democrată Maghiară din România (Romania)","Uniunea Democrată Maghiară din România",1105
"707","Uniunea Națională pentru Progresul României (Romania)","Uniunea Națională pentru Progresul României",1541
"708","Uniunea Salvați România (Romania)","Uniunea Salvați România",5969
"709","USR-PLUS (Romania)","USR-PLUS",5969
"710","Valstiečių ir Naujosios demokratijos partijų frakcija (Lithuania)","Valstiečių ir Naujosios demokratijos partijų frakcija",1490
"711","Valstiečių ir Naujosios demokratijos partijų sąjunga (Lithuania)","Valstiečių ir Naujosios demokratijos partijų sąjunga",1490
"712","Vänsterpartiet (Sweden)","Vänsterpartiet",830
"713","Vasemmistoliitto (Finland)","Vasemmistoliitto",703
"714","Venstre (Denmark)","Venstre",1204
"715","Venstre, Danmarks Liberale Parti (Denmark)","Venstre, Danmarks Liberale Parti",1204
"716","Verdi Arcobaleno (Italy)","Verdi Arcobaleno",99
"717","Verdi Europa (Italy)","Verdi Europa",851
"718","Verjamem! Lista dr. Igorja Šoltesa (Slovenia)","Verjamem! Lista dr. Igorja Šoltesa",3205
"719","Verts ""Europe des peuples - Per un avvene corsu - Avenir corse"" (France)","Verts ""Europe des peuples - Per un avvene corsu - Avenir corse""",NA
"720","Vienotība (Latvia)","Vienotība",852
"721","Vihreä liitto (Finland)","Vihreä liitto",479
"722","Vihreät (Finland)","Vihreät",479
"723","Vlaams Belang (Belgium)","Vlaams Belang",1968
"724","Vlaams Blok (Belgium)","Vlaams Blok",553
"725","Vlaamse liberalen en democraten (Belgium)","Vlaamse liberalen en democraten",49
"726","Vlaamse Liberalen en Democraten - Vivant (Belgium)","Vlaamse Liberalen en Democraten - Vivant",49
"727","VMRO (Bulgaria)","VMRO",2056
"728","Volkspartij voor Vrijheid en Democratie (Netherlands)","Volkspartij voor Vrijheid en Democratie",828
"729","Volksunie (Belgium)","Volksunie",36
"730","Volt (Germany)","Volt",NA
"731","Vox (Spain)","Vox",3218
"732","VOX (Spain)","VOX",3218
"733","We Demand a Referendum (United Kingdom)","We Demand a Referendum",NA
"734","Wiosna (Poland)","Wiosna",7356
"735","Wolność (Poland)","Wolność",8268
"736","Workers' Party (Ireland)","Workers' Party",208
"737","Zaļo un Zemnieku savienība (Latvia)","Zaļo un Zemnieku savienība",701
"738","ZARES-Nova Politika (Slovenia)","ZARES-Nova Politika",474
"739","Združena lista socialnih demokratov (Slovenia)","Združena lista socialnih demokratov",1403
"740","Živi Zid (Croatia)","Živi Zid",4867
